职位,薪资,工作时间,公司,工作地点,所在城市
全栈开发工程师,12k-24k,不限,普华永道信息技术（上海）有限公司,金科路2889弄B座6楼,上海
full stack engineer全栈开发工程师,12k-18k,不限,友邦资讯科技（广州）有限公司,OCG,成都
java全栈工程师,10k-16k,不限,北京数联众创科技有限公司,龙子湖智慧岛大厦,郑州
全栈工程师,15k-30k,在校/应届,上海信易信息科技股份有限公司,浦东郭守敬路498号21号楼311室,上海
DevOps全栈开发工程师 (实习生),8k-14k,在校/应届,江苏博云科技股份有限公司,创意产业园7栋9层,苏州
全栈开发工程师,10k-20k,在校/应届,碰撞信息科技（上海）有限公司,逸仙路25号(近邯郸路)同济·晶度18楼,上海
游戏研发工程师（全栈方向培养）,8k-15k,在校/应届,北京码玩科技有限公司,WeWork 东煌大厦 18 层,北京
全栈开发工程师,15k-25k,在校/应届,上海箐安投资管理有限公司,源深路355号源森金融大厦A座1506,上海
人工智能系统全栈开发工程师（实习）,5k-10k,在校/应届,上海斐樊科技有限公司,乐山路33号交大慧谷科技园2号楼2楼201室,上海
真心热爱编程的全栈工程师: Go+前端,10k-20k,在校/应届,成都掌梦科技有限公司,东方希望天祥A座3404,成都
软件开发全栈工程师,7k-12k,在校/应届,云迪互联科技（杭州）有限公司,保俶北路59号浙江省教育技术中心806,杭州
网站全栈开发工程师,8k-12k,在校/应届,上海悠学信息科技有限公司,中山北路1295号3号楼288室,上海
PHP开发工程师（全栈）,8k-15k,在校/应届,上海佑久健康科技有限公司,曹安公路1515号（3131曹安商务园）7号楼A座三楼,上海
全栈工程师,15k-25k,1-3年,壁虎软件科技（深圳）有限公司,前海卓越,深圳
全栈工程师,14k-18k,3-5年,友邦资讯科技（广州）有限公司,天府四街158号OCG国际中心C座39楼,成都
全栈工程师,20k-40k,不限,抖音视界（北京）有限公司,中关村南四街18号紫金数码园四号楼,北京
全栈工程师,15k-20k,3-5年,活跃网络（成都）有限公司,IFS国际金融中心1号办公楼49楼,成都
高级全栈开发工程师,15k-30k,5-10年,恩士迅信息科技（成都）有限公司,黄埔区中新智慧园A2栋5楼,广州
全栈开发工程师,25k-40k,5-10年,奇安信科技集团股份有限公司,奇安信安全中心,北京
全栈工程师,15k-30k,3-5年,上海嘉驰商务咨询有限公司,中新广州知识城中新智慧一街5号A2栋5层,广州
资深全栈开发工程师,30k-40k,5-10年,琢品网络科技（上海）有限公司,铜仁路258号九安广场第4层,上海
全栈开发工程师（node.js）,10k-15k,1-3年,广州舜飞信息科技有限公司,棠东东路5号远洋创意园B-420,广州
全栈工程师,30k-60k,1-3年,深圳市言羽科技有限公司,泰康保险大厦,上海
全栈开发工程师,12k-20k,3-5年,恩士迅信息科技（成都）有限公司,黄埔区中新智慧园A2栋5楼,广州
web全栈工程师,25k-35k,5-10年,北京快成科技有限公司,北京市 海淀区 银谷大厦 12B08,北京
资深全栈开发工程师,30k-60k,5-10年,希缇缇（上海）电子商务有限公司,朝阳区,北京
全栈开发工程师,25k-35k,3-5年,前锦网络信息技术（上海）有限公司北京分公司,西长安街88,北京
移动端全栈工程师,25k-35k,5-10年,北京快成科技有限公司,北京市 海淀区 银谷大厦 12B08,北京
全栈开发工程师,4k-5k,在校/应届,深圳天源迪科信息技术股份有限公司,国实大厦,深圳
全栈开发工程师,15k-20k,1-3年,广州市景心科技股份有限公司,天府路307号3楼（华景新城BRT附近）,广州
全栈开发工程师（大数据营销方向）-北京(J11108),20k-30k,3-5年,神策网络科技（北京）有限公司,郑州金水区广汇国贸大厦11层,郑州
web全栈开发工程师,25k-30k,5-10年,北京快成科技有限公司,北四环西路9号银谷大厦14层12B08,北京
全栈开发工程师,11k-15k,1-3年,京北方信息技术股份有限公司,滨河大道5022号联合广场A座,深圳
全栈开发工程师,15k-25k,3-5年,普华永道信息技术（上海）有限公司,金科路2889弄B座6楼,上海
资深全栈开发工程师/架构师,20k-35k,1-3年,中国联合网络通信有限公司深圳市分公司,深南大道4005号联通大厦,深圳
全栈开发工程师,20k-28k,5-10年,湖北天天数链技术有限公司,江锋大厦,武汉
java全栈工程师,17k-23k,5-10年,广州赛意信息科技股份有限公司,浙江省义乌市苏溪镇好派路655号,金华
高级Web全栈开发工程师 (MJ000232),12k-23k,3-5年,央视频融媒体发展有限公司,八里庄东里莱锦创意园CN05,北京
数据应用开发工程师（全栈）,18k-35k,3-5年,富途网络科技（深圳）有限公司,科兴科学园D栋1单元25层,深圳
全栈开发工程师,18k-36k,3-5年,北京万里开源软件有限公司,中关村壹号永丰嘉园,北京
全栈开发工程师,10k-13k,3-5年,深圳市法本信息技术股份有限公司,智能交通产业园,济南
高级全栈开发工程师-抖音垂类业务,30k-60k,3-5年,抖音视界（北京）有限公司,中国大陆北京北京市海淀区中关村南四街18号紫金数码园四号楼，邮编：100190,北京
全栈工程师-移动平台,30k-60k,3-5年,抖音视界（北京）有限公司,中关村大街19号新中关大厦A座10层,北京
全栈工程师 — 移动平台,30k-60k,不限,抖音视界（北京）有限公司,天府四街158号OCG国际中心A座16层,成都
前端/全栈开发工程师 - 抖音特效,25k-50k,不限,抖音视界（北京）有限公司,中关村南四街18号紫金数码园四号楼,北京
全栈（前端）开发工程师 - 抖音特效,25k-50k,3-5年,抖音视界（北京）有限公司,海淀北二街10号泰鹏大厦10层,北京
性能测试工程师（全栈）,25k-40k,5-10年,金蝶软件（中国）有限公司,有所为大厦,深圳
资深全栈工程师-Full Stack Developer,20k-35k,5-10年,友邦资讯科技（广州）有限公司,国旅大厦,北京
资深全栈工程师-Full Stack Developer【成都】,20k-35k,5-10年,友邦资讯科技（广州）有限公司,天府四街158号OCG国际中心C座39楼,成都
全栈开发工程师16薪offer,25k-45k,3-5年,深圳市慧择软件集团有限公司,高新园,深圳
软件开发工程师（nodejs全栈开发）,12k-24k,3-5年,晶测电子科技（上海）有限公司,盛夏路169号A栋905,上海
全栈开发工程师（质量保障）-抖音,30k-60k,不限,抖音视界（北京）有限公司,田林路888弄科技绿洲10号楼,上海
全栈开发工程师（抖音影像）-工程效率平台,25k-50k,3-5年,抖音视界（北京）有限公司,南海大道2163号来福士广场17层,深圳
web全栈工程师（php）,16k-22k,3-5年,上海索思数据科技有限公司,联川路258号浦江智地精品商务园,上海
全栈工程师,22k-30k,5-10年,北京学说科技有限公司,东升大厦,北京
全栈工程师,18k-35k,3-5年,深圳汇银通产业互联网有限公司,锦绣中华A座3楼,深圳
js 全栈工程师 (20-30k),25k-35k,3-5年,杭州随机起源科技有限公司,大厦,北京
全职远程-node.js全栈工程师,25k-35k,3-5年,杭州随机起源科技有限公司,大厦,厦门
全职远程-node.js全栈工程师,25k-35k,3-5年,杭州随机起源科技有限公司,人民,上海
全栈开发工程师,20k-40k,3-5年,戈罗波沃弗人力资源（北京）有限公司,张江药,上海
全栈开发工程师（英语）,8k-14k,1-3年,杭州达势科技有限公司,安垦,上海
全栈工程师,15k-30k,3-5年,北京问知科技有限公司,榴乡路88号石榴中心2号楼6层,北京
全栈工程师,8k-16k,1-3年,苏州卓曜智能科技有限公司,金阳东路1068号Q栋,苏州
全栈工程师,18k-35k,3-5年,商云科汇（成都）科技有限公司,东大街下东大街段99号平安金融中心(南纱帽街),成都
全栈工程师,10k-20k,1-3年,深圳市华睿凯实业有限公司,深圳市龙华区大浪街道横朗社区工业园路1号2栋,深圳
全栈工程师,20k-25k,在校/应届,上海凡米智能科技有限公司,紫星路588号2幢3层,上海
全栈开发工程师实习生,4k-6k,在校/应届,杭州达势科技有限公司,安垦,上海
全栈开发工程师,25k-50k,不限,戈罗波沃弗人力资源（北京）有限公司,浦东新区张江药谷药谷,上海
全栈开发工程师,18k-25k,3-5年,上海聪链信息科技有限公司,张江,上海
全栈工程师,18k-21k,3-5年,广州赛睿人力资源有限公司,中新智慧园A2栋5楼,广州
全栈工程师,30k-40k,5-10年,北京科锐国际人力资源股份有限公司广州分公司,太古汇,广州
全栈工程师,15k-25k,3-5年,锐仕方达人才科技集团有限公司武汉第四分公司,光谷之星,武汉
全栈工程师,30k-40k,5-10年,杭州对点人力资源管理有限公司,白石巷318号,杭州
全栈工程师,30k-50k,5-10年,上海岱澳人才信息咨询有限公司,上海市静安区愚园路108号愚园108大厦8层,上海
全栈工程师,30k-50k,5-10年,成都新大瀚人力资源管理有限公司,斯伦贝谢,北京
全栈开发工程师,30k-40k,3-5年,合肥粒度智能科技有限公司,金湾区,广州
web全栈开发工程师,17k-19k,3-5年,广州高思贸易有限公司,西增路原创元素创意园E8-101,广州
java全栈工程师,18k-22k,1-3年,北京弈华科技服务有限公司,三里河东路30号海峡国际大厦8层,北京
高级java软件工程师 （全栈）,12k-17k,5-10年,广州市齐明软件科技有限公司,南山科技园,深圳
全栈开发工程师,20k-40k,1-3年,杭州秘猿科技有限公司,西藏中路268号,上海
中级全栈开发工程师,10k-15k,3-5年,四川科倍创智科技有限公司,天府大道中段1388号美年广场11栋18楼1804号,成都
全栈开发工程师（国际岗）,26k-40k,5-10年,智鹏瑞尔软件（杭州）有限公司,新天地街406号 星城发展大厦1-1001室,杭州
全栈开发工程师,20k-40k,3-5年,南京玖奕私募基金管理合伙企业（有限合伙）,源深路355号源深金融大厦,上海
php高级开发全栈工程师,16k-20k,3-5年,深圳市乐思软件技术有限公司,蛇口沿山路45号佳利泰大厦,深圳
全栈开发工程师,12k-20k,3-5年,北京信软同创技术有限公司,国贸汇京双子座大厦,北京
java全栈工程师,13k-20k,3-5年,深圳达昌基金管理有限公司,粤海街道科发路91号华润置地大厦D座2907,深圳
javascript全栈开发工程师,15k-30k,5-10年,伍柒必乐科技（成都）有限公司,天府五街200号,成都
全栈开发工程师,25k-30k,3-5年,上海盛易博联信息技术有限公司,wework,上海
高级全栈开发工程师/技术主管（付费会员方向）,30k-50k,5-10年,咪咕文化科技有限公司,置地星座 E,北京
全栈开发工程师,20k-30k,3-5年,海南进化论私募基金管理有限公司,北邮科技大厦16楼,深圳
区块链开发/全栈开发工程师-远程办公,25k-45k,3-5年,杭州秘猿科技有限公司,创丰华星商务大厦615,杭州
全栈开发工程师,15k-30k,5-10年,四川科倍创智科技有限公司,天府大道中段1388号美年广场11栋18楼1804号,成都
java全栈工程师,15k-30k,3-5年,恩士迅信息科技（中国）有限责任公司,腾龙大道与凤湖中路交汇处南侧中新智慧园,广州
全栈开发工程师,20k-30k,5-10年,成都七猿科技有限公司,天府软件园,成都
高级全栈工程师,18k-22k,5-10年,四川汇一创科信息技术有限公司,交子金融中心B座2楼202,成都
全栈开发工程师,15k-20k,5-10年,四川汇一创科信息技术有限公司,交子金融中心B座2楼202,成都
全栈开发工程师,5k-7k,在校/应届,吉首市名凡企业咨询中心,东长治路359号双狮汇大厦B座18层,上海
全栈开发工程师,12k-15k,3-5年,普华永道商务服务（成都）有限公司,天府软件园E区E1-1， 13楼,成都
全栈开发工程师,12k-20k,5-10年,普华永道商务服务（成都）有限公司,天府软件园E区E1-1， 13楼,成都
全栈工程师（前端）（美国e轮外企edison）,28k-35k,3-5年,北京易思易度科技有限公司广州分公司,回龙观东大街318号首开广场,北京
高级互联网全栈工程师,15k-30k,3-5年,上海孔递科技有限公司,程家桥路175弄4幢501室（虹桥奕境文创园）,上海
全栈开发工程师／高级工程师,20k-35k,不限,深圳市会议加信息技术有限公司,嘉里建设广场2座,深圳
web全栈开发工程师,11k-18k,3-5年,广州诺特软件开发有限公司,侨光西路11号星寰国际商业中心15楼,广州
全栈开发工程师,25k-35k,3-5年,深圳市前海梦猷科技有限公司,侨香路4080号T5栋 力高大厦 806,深圳
全栈开发工程师,18k-35k,1-3年,北京极致嬴图科技有限公司,马可孛罗大厦,北京
全栈开发工程师,13k-25k,3-5年,马衡达信息技术（上海）有限公司,中海国际B座,北京
全栈开发工程师（央企PICC）,25k-50k,3-5年,襄阳添才企业管理咨询有限公司,科技绿洲,上海
全栈开发工程师,20k-25k,3-5年,上海青凤信息科技有限公司,朝阳区,北京
全栈开发工程师（英语好 外资风格）,15k-30k,3-5年,广州赛睿人力资源有限公司,中新知识城,广州
全栈开发工程师,20k-35k,3-5年,上海程沃企业管理咨询有限公司,永银大厦,上海
全栈开发工程师,20k-40k,3-5年,领智人力资源管理（深圳）有限公司,龙兰路277号东航滨江中心1号楼（T1)21层,上海
.NET开发工程师（全栈）,20k-27k,5-10年,上海嘉驰商务咨询有限公司,珀金埃尔默,上海
区块链全栈开发工程师,30k-50k,不限,上海岱澳人才信息咨询有限公司,上海国金,上海
全栈工程师(full stack developer),40k-50k,5-10年,浙江爱才人力资源股份有限公司,香港湾仔区,香港
全栈工程师-某五百强技术实验室,25k-29k,5-10年,上海岱澳人才信息咨询有限公司,太古汇,广州
全栈开发工程师（央.企正式编）,15k-30k,3-5年,襄阳翰格财务咨询服务有限公司,西城区南礼士路二条北京建工发展大厦,北京
高级全栈工程师,30k-50k,5-10年,西安智囊企业管理咨询有限公司,HUAXIAL,广州
全栈工程师（康明斯东亚研发中心）,20k-30k,5-10年,科锐国际人力资源（武汉）有限责任公司,车城北路,武汉
